Type of Disaster,Number,Event,Period,Compiled using preliminary data,Begin Date,End Date,Summary,CPI-AdjustedEstimatedCost(inBillions),More than $1B after CPI adjustment,Deaths
Wildfire,1,"Western Wildfires, California Firestorm",Summer-Fall 2017,Y,1 06 2017,31 12 2017,"A historic firestorm damages or destroys over 15,000 homes, businesses and other structures across California in October. The combined destruction of the Tubbs, Atlas, Nuns and Redwood Valley wildfires represent the most costly wildfire event on record, also causing 44 deaths. Extreme wildfire conditions in early December also burned hundreds of homes in Los Angeles. Numerous other wildfires across many western and northwestern states burn over 9.8 million acres exceeding the 10-year annual average of 6.5 million acres. Montana in particular was affected by wildfires that burned in excess of 1 million acres. These wildfire conditions were enhanced by the preceding drought conditions in several states.",$20.30,,54
Drought,4,"North Dakota, South Dakota and Montana Drought",Spring-Fall 2017,Y,1 03 2017,31 12 2017,"Extreme drought causes extensive impacts to agriculture in North Dakota, South Dakota and Montana. Field crops including wheat were severely damaged and the lack of feed for cattle forced ranchers to sell off livestock. This drought has also contributed to the increased potential for severe wildfires.",$2.80,,0
Tropical Cyclone,7,Hurricane Maria, Sep 2017,Y,19 09 2017,21 09 2017,"Category 4 hurricane made landfall in southeast Puerto Rico after striking the U.S. Virgin Island of St. Croix. Maria's high winds caused widespread devastation to Puerto Rico's transportation, agriculture, communication and energy infrastructure. Extreme rainfall up to 37 inches caused widespread flooding and mudslides across the island. The interruption to commerce and standard living conditions will be sustained for a long period, as much of Puerto Rico's infrastructure is rebuilt. Maria tied Hurricane Wilma (2005) for the most rapid intensification, strengthening from tropical depression to a category 5 storm in 54 hours. Maria's landfall at Category 4 strength gives the U.S. a record three Category 4+ landfalls this year (Maria, Harvey, and Irma). Maria was one of the deadliest storms to impact the U.S., with numerous indirect deaths in the wake of the storm's devastation.",$101.70,,"2,981"
Tropical Cyclone,10,Hurricane Irma, Sep 2017,Y,6 09 2017,12 09 2017,"Category 4 hurricane made landfall at Cudjoe Key, Florida after devastating the U.S. Virgin Islands - St John and St Thomas - as a category 5 storm. The Florida Keys were heavily impacted, as 25% of buildings were destroyed while 65% were significantly damaged. Severe wind and storm surge damage also occurred along the coasts of Florida and South Carolina. Jacksonville, FL and Charleston, SC received near-historic levels of storm surge causing significant coastal flooding. Irma maintained a maximum sustained wind of 185 mph for 37 hours, the longest in the satellite era. Irma also was a category 5 storm for longer than all other Atlantic hurricanes except Ivan in 2004.",$56.50,,97
Tropical Cyclone,13,Hurricane Harvey, Aug 2017,Y,25 08 2017,31 08 2017,"Category 4 hurricane made landfall near Rockport, Texas causing widespread damage. Harvey's devastation was most pronounced due to the large region of extreme rainfall producing historic flooding across Houston and surrounding areas. More than 30 inches of rainfall fell on 6.9 million people, while 1.25 million experienced over 45 inches and 11,000 had over 50 inches, based on 7-day rainfall totals ending August 31. This historic U.S. rainfall caused massive flooding that displaced over 30,000 people and damaged or destroyed over 200,000 homes and businesses.",$141.30,,89
Severe Storm,16,Midwest Severe Weather, Jun 2017,Y,27 06 2017,29 06 2017,"Severe hail and high wind damage impacting Nebraska, Illinois and Iowa. More than one dozen tornadoes touched down across parts of Iowa, in addition to other storm damage.",$1.60,,0
Severe Storm,19,Midwest Severe Weather, Jun 2017,Y,12 06 2017,16 06 2017,"Severe hail, high winds and numerous tornadoes impact many states over several days including WY, TX, NE, KS, MO, IA, IL, PA, VA, NY.",$1.70,,0
Severe Storm,22,Minnesota Hail Storm and Upper Midwest Severe Weather, Jun 2017,Y,9 06 2017,11 06 2017,"Severe hail and high winds cause considerable damage across Minnesota and Wisconsin. The Minneapolis metro area in particular was damaged from large, destructive hail impacting many buildings and vehicles. This damage is comparable to the May 15, 1998 Minnesota hail storm that was also very costly.",$2.70,,0
Severe Storm,25,Colorado Hail Storm and Central Severe Weather, May 2017,Y,8 05 2017,11 05 2017,"Hail storm and wind damage impacting several states including CO, OK, TX, NM, MO. The most costly impacts were in the Denver metro region where baseball-sized hail caused the most expensive hail storm in Colorado history, with insured losses exceeding $2.2 ($2.5) billion.",$3.80,,0
Flooding,28,Missouri and Arkansas Flooding and Central Severe Weather, May 2017,Y,25 04 2017,7 05 2017,"A period of heavy rainfall up to 15 inches over a multi-state region in the Midwest caused historic levels of flooding along many rivers. The flooding was most severe in Missouri, Arkansas and southern Illinois where levees were breached and towns were flooded. There was widespread damage to homes, businesses, infrastructure and agriculture. Severe storms also caused additional impacts during the flooding event across a number of central and southern states.",$1.90,,20
Severe Storm,31,South/ Southeast Severe Weather, Mar 2017,Y,26 03 2017,28 03 2017,"Large hail and high winds in Texas north of the Dallas metro region caused widespread damage to structures and vehicles. Severe storms also caused damage across several other states (OK, TN, KY, MS, AL) due to the combination of high winds, hail and tornadoes.",$3.10,,0
Freeze,34,Southeast Freeze, Mar 2017,Y,14 03 2017,16 03 2017,"Severe freeze heavily damaged fruit crops across several southeastern states (SC, GA, NC, TN, AL, MS, FL, KY, VA). Mid-March freezes are not climatologically unusual in the Southeast, however many crops were blooming 3+ weeks early due to unusually warm temperatures during the preceding weeks. Damage was most severe in Georgia and South Carolina. Crops most impacted include peaches, blueberries, strawberries and apples, among others.",$1.10,,0
Severe Storm,37,Midwest Tornado Outbreak, Mar 2017,Y,6 03 2017,8 03 2017,"Tornado outbreak and wind damage across many Midwestern states (AR, IA, IL, KS, MI, MN, MO, NE, NY, OH, WI). Missouri and Illinois were impacted by numerous tornadoes while Michigan and New York were affected by destructive, straight-line winds following the storm system. Nearly one million customers lost power in Michigan alone due to sustained high winds, which affected several states from Illinois to New York.",$2.50,,2
Severe Storm,40,Central/ Southeast Tornado Outbreak, Mar 2017,Y,28 02 2017,1 03 2017,Over 70 tornadoes developed during a widespread outbreak across many central and southern states causing significant damage. There was also widespread straight-line wind and hail damage. This was the second largest tornado outbreak to occur early in 2017.,$2.10,,6
Severe Storm,43,California Flooding, Feb 2017,Y,8 02 2017,22 02 2017,"Heavy, persistent rainfall across northern and central California created substantial property and infrastructure damage from flooding, landslides and erosion. Notable impacts include severe damage to the Oroville Dam spillway, which caused a multi-day evacuation of 188,000 residents downstream. Excessive rainfall also caused flood damage in the city of San Jose, as Coyote Creek overflowed its banks and inundated neighborhoods forcing 14,000 residents to evacuate.",$1.70,,5
Severe Storm,46,Southern Tornado Outbreak and Western Storms, Jan 2017,Y,20 01 2017,22 01 2017,"High wind damage occurred across southern California near San Diego followed by 79 confirmed tornadoes during an outbreak across many southern states including AL, FL, GA, LA, MS, SC and TX. This was the 3rd most tornadoes to occur in a single outbreak of extreme weather during a winter month (Dec.-Feb.) based on records from 1950.",$1.30,,24
Wildfire,49,Western/ Southeast Wildfires,Summer-Fall 2016,Y,1 06 2016,31 12 2016,"Western and Southern states experienced an active wildfire season with over 5.0 million acres burned nationally. Most notable was the firestorm that impacted Gatlinburg, Tennessee with hurricane-force wind gusts in extremely dry conditions creating volatile wildfire behavior. These wildfires destroyed nearly 2,500 structures and caused 14 fatalities. The drought conditions in many areas of the Southeast and California worsened the wildfire potential.",$2.80,,21
Drought,52,West/ Northeast/ Southeast Drought, Jul 1905,Y,1 01 2016,31 12 2016,"California's 5-year drought persisted during 2016 while new areas of extreme drought developed in states across the Northeast and Southeast. The long-term impacts of the drought in California have damaged forests where 100+ million trees have perished and are a public safety hazard. The agricultural impacts were reduced in California as water prices and crop fallowing declined. However, agricultural impacts developed in Northeast and Southeast due to stressed water supplies.",$4.00,,0
Severe Storm,55,Hurricane Matthew, Oct 2016,Y,8 10 2016,12 10 2016,"Category 1 hurricane made landfall in North Carolina, after it paralleled the Southeast coast along Florida, Georgia and the Carolinas causing widespread damage from wind, storm surge and inland flooding. The most costly impacts were due to historic levels of river flooding in eastern North Carolina where 100,000 homes, businesses and other structures were damaged. This inland flooding was comparable to Hurricane Floyd (1999) that also impacted eastern North Carolina. Matthew narrowly missed landall on Florida's east coast as a powerful category 4 storm.",$11.70,,49
Flooding,58,Louisiana Flooding, Aug 2016,,12 08 2016,15 08 2016,"A historic flood devastated a large area of southern Louisiana resulting from 20 to 30 inches of rainfall over several days. Watson, Louisiana received an astounding 31.39 inches of rain from the storm. Two-day rainfall totals in the hardest hit areas have a 0.2% chance of occurring in any given year: a 1 in 500 year event. More than 30,000 people were rescued from the floodwaters that damaged or destroyed over 50,000 homes, 100,000 vehicles and 20,000 businesses. This is the most damaging U.S. flood event since Superstorm Sandy impacted the Northeast in 2012.",$11.70,,13
Severe Storm,61,Rockies and Northeast Severe Weather, Jul 2016,Y,28 07 2016,30 07 2016,"Severe storms across the Rockies and Northeastern states (CO, WY, VA, MD, PA, NJ, NY) caused large hail and high wind damage. Storm damage in Colorado was the most costly due to hail.",$1.70,,0
Flooding,64,West Virginia Flooding and Ohio Valley Tornadoes, Jun 2016,,22 06 2016,24 06 2016,"Torrential rainfall caused destructive flooding through many West Virginia towns, damaging thousands of homes and businesses and causing considerable loss of life. Over 1,500 roads and bridges were damaged or destroyed making the impact on infrastructure comparable to the historic 2013 Colorado flood. The storm system also produced numerous tornadoes causing damage across several Ohio Valley states.",$1.10,,23
Severe Storm,67,Rockies/ Central Tornadoes and Severe Weather, May 2016,Y,21 05 2016,26 05 2016,"Sustained period of severe thunderstorms and tornadoes affecting several states including Montana, Colorado, Kansas, Missouri and Texas. The most concentrated days for tornado development were on May 22 and 24. Additional damage was created by straight-line high wind and hail damage.",$1.30,,0
Severe Storm,70,Plains Tornadoes and Central Severe Weather, May 2016,Y,8 05 2016,11 05 2016,"Tornadoes and severe storms cause widespread damage across the Plains and Central states (NE, MO, TX, OK, KS, CO, IL, KY, TN) over a multi-day period. The damage from tornadoes and high wind was most costly in Nebraska and Missouri.",$2.00,,2
Severe Storm,73,South/ Southeast Tornadoes, Apr 2016,Y,26 04 2016,2 05 2016,Large outbreak of tornadoes affects numerous states across the South and Southeast. Additional damage also from large hail and straight-line wind during the multi-day thunderstorm event.,$2.80,,6
Flooding,76,Houston Flooding, Apr 2016,Y,17 04 2016,18 04 2016,"A period of extreme rainfall up to 17 inches created widespread urban flooding in Houston and surrounding suburbs. Thousands of homes and businesses were damaged and more than 1,800 high water rescues were conducted. This represents the most widespread flooding event to affect Houston since Tropical Storm Allison in 2001.",$3.10,,8
Severe Storm,79,North/ Central Texas Hail Storm, Apr 2016,Y,10 04 2016,12 04 2016,"Widespread severe hail damage across north and central Texas including the cities of Plano, Wylie, Frisco, Allen and San Antonio. The damage in San Antonio was particularly severe as the National Weather Service verified reports of hail size reaching 4.5 inches in diameter. This ranks as one of the most costly hail events to affect the United States.",$4.10,,0
Severe Storm,82,North Texas Hail Storm, Mar 2016,Y,23 03 2016,24 03 2016,"Large hail and strong winds caused considerable damage in heavily populated areas of north Texas. This damage was most notable in the cities of Dallas, Fort Worth and Plano.",$2.40,,0
Severe Storm,85,Southern Severe Weather, Mar 2016,Y,17 03 2016,18 03 2016,"Severe hail impacts the Fort Worth and Arlington metro region in Texas. Additional large hail and high wind damage occurred in other locations of Texas, Louisiana and Mississippi.",$1.40,,1
Flooding,88,Texas and Louisiana Flooding, Mar 2016,Y,8 03 2016,12 03 2016,"Multiple days of heavy rainfall averaging 15 to 20 inches led to widespread flooding along the Sabine River basin on the Texas and Louisiana border. This prompted numerous evacuations, high-water rescues and destruction, as more than 1,000 homes and businesses were damaged or destroyed.",$2.70,,5
Severe Storm,91,Southeast and Eastern Tornadoes, Feb 2016,Y,22 02 2016,24 02 2016,"Early outbreak of tornadoes and severe weather across many southern and eastern states including (AL, CT, FL, GA, LA, MA, MD, MS, NC, NJ, NY, PA, SC, TX, VA). There were at least 50 confirmed tornadoes causing widespread damage.",$1.20,,10
Drought,94,Western Drought, Jul 1905,Y,1 01 2015,31 12 2015,"Drought conditions were present across numerous western states (CA, NV, OR, WA, ID, MT, UT, AZ) with the most severe conditions continuing to plague California for all of 2015. The agriculture sector was again impacted by a lack of rainfall resulting in hundreds of thousands of acres of farmland remaining fallow and requiring excess groundwater pumping to irrigate existing agriculture interests. Wildfire conditions were further enhanced by the ongoing drought. California experienced extensive damage from both drought and wildfire impacts. Drought conditions did improve dramatically across Texas and Oklahoma, in the form of several major flood events.",$5.30,,0
Severe Storm,97,Texas Tornadoes and Midwest Flooding, Dec 2015,Y,26 12 2015,29 12 2015,"A powerful storm system packing unseasonably strong tornadoes caused widespread destruction in the Dallas metropolitan region, damaging well over 1,000 homes and businesses. This same potent system also produced intense rainfall over several Midwestern states triggering historic flooding that has approached or broken records at river gauges in several states (MO, IL, AR, TN, MS, LA). The flooding has overtopped levees and caused damage in numerous areas. This historic storm also produced high wind, snow and ice impacts from New Mexico through the Midwest and into New England. Overall, the storm caused at least 50 deaths from the combined impact of tornadoes, flooding and winter weather.",$2.30,,50
Wildfire,100,Western and Alaskan Wildfires,Summer-Fall 2015,Y,1 06 2015,30 11 2015,"Wildfires burned over 10.1 million acres across the U.S. in 2015, surpassing 2006 for the highest annual total of U.S. acreage burned since record-keeping began in 1960. The most costly wildfires occurred in California where over 2,500 structures were destroyed due to the Valley and Butte wildfires with the insured losses alone exceeding $1.0 ($1.2) billion. The most extensive wildfires occurred in Alaska where over 5 million acres burned within the state. There was extensive burnt acreage across other western states, most notably (OR, WA, ID, MT, ND, CO, WY, TX).",$3.60,,12
Flooding,103,South Carolina and East Coast Flooding, Oct 2015,Y,1 10 2015,5 10 2015,"Historic levels of flooding impacted South Carolina causing widespread damage to many homes, businesses, public buildings and infrastructure. This interrupted commerce and closed major transportation corridors (such as I-95) for weeks as rivers slowly receded. Locally extreme rainfall totals exceeding 20-inches were common resulting from the convergence of a powerful low pressure system / frontal boundary and copious moisture from Hurricane Joaquin in the Atlantic.",$2.40,,25
Severe Weather,106,Central and Northeast Severe Weather, Jun 2015,Y,21 06 2015,25 06 2015,"Severe storms across numerous Central and Northeast states (CO, CT, IA, IL, MD, MI, NJ, NY, PA, SD, VA, WI) with widespread hail and high wind damage.",$1.40,,1
Flooding,109,Texas and Oklahoma Flooding and Severe Weather, May 2015,Y,23 05 2015,26 05 2015,"A slow-moving system caused tremendous rainfall and subsequent flooding to occur in Texas and Oklahoma. The Blanco river in Texas swelled from 5 feet to a crest of more than 40 feet over several hours causing considerable property damage and loss of life. The city of Houston also experienced flooding which resulted in hundreds of high-water rescues. The damage in Texas alone exceeded $1.0 ($1.2) billion. There was also damage in other states (KS, CO, AR, OH, LA, GA, SC) from associated severe storms.",$3.00,,31
Severe Storm,112,Southern Plains Tornadoes, May 2015,Y,6 05 2015,10 05 2015,"Tornado outbreak across the Southern Plain states (IA, KS, NE, OK, CO, SD, TX) with 122 tornadoes. The most costly damage occurred across Texas and Oklahoma.",$1.50,,4
Severe Weather,115,South and Southeast Severe Weather, Apr 2015,Y,24 04 2015,25 04 2015,"Severe weather produced tornadoes, large hail and high wind damage across numerous southern and southeastern states including Alabama, Florida, Georgia, Kentucky, Louisiana, Mississippi and Texas. These storms caused widespread impacts to many homes, vehicles and businesses.",$1.10,Y,3
Severe Weather,118,South/ Southeast Severe Weather, Apr 2015,Y,18 04 2015,20 04 2015,"Severe storms across the South and Southeastern states (AL, AR, FL, GA, KS, LA, MS, NC, OK, SC, TN, TX). High winds and severe hail created the most significant damage in Texas.",$1.50,,0
Severe Weather,121,Midwest/ Ohio Valley Severe Weather, Apr 2015,Y,7 04 2015,9 04 2015,"Severe storms across the Midwest and Ohio Valley including the states (AR, IA, IL, IN, KS, KY, MI, MO, NC, OH, OK, PA, TN, TX, WI, WV). Large hail and high winds created the most damage across Missouri and Illinois.",$1.90,,2
Winter Storm,124,"Central and Eastern Winter storm, Cold Wave", Feb 2015,Y,14 02 2015,20 02 2015,"A large winter storm and associated cold wave impacted many central, eastern and northeastern states (CT, DE, GA, IL, KY, MA, MD, ME, MI, NC, NH, NJ, NY, OH, PA, RI, SC, TN, VA). The city of Boston was particularly impacted as feet of snow continued to accumulate causing load-stress on buildings and clogging transportation corridors. Total, direct losses in Massachusetts alone exceed $1.0 ($1.2) billion for this event, with considerable damage in many other states.",$3.50,,30
Drought,127,Western Drought, Jul 1905,Y,1 01 2014,31 12 2014,"Historic drought conditions affected the majority of California for all of 2014 making it the worst drought on record for the state. Surrounding states and parts of Texas, Oklahoma and Kansas also experienced continued severe drought conditions. This is a continuation of drought conditions that have persisted for several years.",$4.70,,0
Severe Weather,130,Rockies/ Plains Severe Weather, Sep 2014,Y,29 09 2014,2 10 2014,"Severe storms across the Rockies and Plains states (CO, KS, TX). Large hail and high winds created significant damage across eastern Colorado and Texas, particularly in the Dallas metro area.",$1.70,,0
Flooding,133,Michigan and Northeast Flooding, Aug 2014,Y,11 08 2014,13 08 2014,"Heavy rainfall in excess of 5 inches caused significant flooding in cities across Michigan damaging thousands of cars, business, homes and other infrastructure. Flooding also occurred across Maryland and New York's Long Island, as the slow-moving storm system delivered 24-hour rainfall exceeding 6 and 12 inches, respectively, creating more flood damage. Islip, NY received 13.57 inches of rain over a 24-hour period on Aug 12-13 setting a new 24-hour precipitation record for New York.",$1.20,,2
Severe Weather,136,Rockies/ Central Plains Severe Weather, Jun 2014,Y,3 06 2014,5 06 2014,"Severe storms across the Rockies and Central Plains states (NE, KS, WY, IA, AR). Wind gusts exceeding 90 mph and baseball to softball sized hail caused severe damage to structures and vehicles in central and eastern Nebraska.",$2.30,,2
Severe Weather,139,Rockies/ Midwest/ Eastern Severe Weather, May 2014,Y,18 05 2014,23 05 2014,"Severe storms across the Rockies, Midwest and Eastern states (CO, MT, IA, IL, IN, OH, SC, VA, PA, DE, NY) with the most costly damage in Colorado, Illinois and Pennsylvania.",$4.40,,0
Severe Storm,142,Midwest/ Southeast/ Northeast Tornadoes and Flooding, Apr 2014,Y,27 04 2014,1 05 2014,"Tornado outbreak across the Midwest, Southeast and Northeast states (AL, AR, DE, FL, GA, KS, MD, MO, MS, NC, NJ, NY, PA, TN, VA) with 83 confirmed tornadoes. Mississippi had its 3rd greatest number of tornadoes reported for any day since 1950. Torrential rainfall in the Florida panhandle also caused major flooding, as Pensacola set new 1-day and 2-day precipitation records of 15.55 and 20.47 inches, respectively. Flooding rains were also reported in coastal Alabama, as Mobile received 11.24 inches of rain, the third greatest calendar day rainfall total for the city.",$2.10,,33
Severe Weather,145,Central Severe Weather, Apr 2014,Y,12 04 2014,13 04 2014,"Severe weather produced hail and high wind damage across several central states including Illinois, Iowa, Michigan, Wisconsin and Texas. The damage was most focused in Illinois and Michigan, as storms caused impacts to many homes, vehicles and businesses.",$1.10,Y,0
Severe Weather,148,Plains Severe Weather, Apr 2014,Y,2 04 2014,3 04 2014,"Severe storms across the Plains states (IL, KS, MO, TX) causing considerable hail and wind damage in Texas.",$1.70,,0
Winter Storm,151,Midwest/ Southeast/ Northeast Winter Storm, Jan 2014,Y,5 01 2014,8 01 2014,"Winter storm caused widespread damage across numerous Midwest, Southeast and Northeastern states (AL, GA, IL, IN, KY, MD, MI, MO, MS, NC, NJ, NY, OH, PA, SC, TN, VA).",$2.60,,16
Drought,154,Western/ Plains Drought/ Heat Wave,Spring-Fall 2013,Y,1 03 2013,30 11 2013,"The 2013 drought slowly dissipated from the historic levels of the 2012 drought, as conditions improved across many Midwestern and Plains states. However, moderate to extreme drought did remain or expand into western states (AZ, CA, CO, IA, ID, IL, KS, MI, MN, MO, ND, NE, NM, NV, OK, OR, SD, TX, UT, WA, WI, WY). In comparison to 2011 and 2012 drought conditions the US experienced only moderate crop losses across the central agriculture states.",$12.60,,53
Severe Storm,157,Ohio Valley Tornadoes, Nov 2013,Y,17 11 2013,17 11 2013,"Late-season outbreak of tornadoes and severe weather over the Ohio Valley (IL, IN, KY, MI, MO, OH) with 70 confirmed tornadoes. Most severe impacts occurred across Illinois and Indiana.",$1.30,,8
Flooding,160,Colorado Flooding, Sep 2013,,10 09 2013,16 09 2013,"A stalled frontal boundary over Colorado led to record rainfall, as some areas received > 15 inches over several days. This resulted in historic flooding across numerous cities and towns. Destruction of residences, businesses and transportation infrastructure was widespread.",$1.80,,9
Severe Weather,163,Midwest Severe Weather, Aug 2013,Y,6 08 2013,7 08 2013,Severe weather and large hail causes considerable damage across Minnesota and Wisconsin.,$1.30,,0
Severe Storm,166,Midwest/ Plains/ Northeast Tornadoes, May 2013,Y,27 05 2013,31 05 2013,"Outbreak of tornadoes and severe weather over the Midwest, Plains and Northeast (IL, IN, KS, MO, NY, OK, TX) with 92 confirmed tornadoes including the deadly tornado that struck El Reno, OK. There was also significant damage resulting from hail and straight-line wind.",$2.20,,10
Severe Storm,169,Midwest/ Plains/ East Tornadoes, May 2013,Y,18 05 2013,22 05 2013,"Outbreak of tornadoes and severe weather over the Midwest, Plains and Eastern states (GA, IA, IL, KS, MO, NY, OK, TX) with 59 confirmed tornadoes including the deadly tornado that impacted Moore, OK. Many destructive tornadoes remained on the ground for an extended time.",$2.90,,27
Flooding,172,Illinois Flooding and Severe Weather, Apr 2013,Y,16 04 2013,19 04 2013,A slow-moving storm system created rainfall totals of 5 to 10 inches across northern and central Illinois including the Chicago metro. This resulted in damage to many homes and businesses. There was also severe weather damage from wind and hail across Indiana and Missouri.,$1.30,,4
Severe Weather,175,Midwest/ Plains Severe Weather, Apr 2013,Y,7 04 2013,11 04 2013,"Severe weather across the Midwest and Plains states (IN, KS, MO, NE) with a total of 26 confirmed tornadoes. Considerable damage resulting from hail and straight-line wind.",$1.70,,1
Severe Weather,178,Southeast Severe Weather, Mar 2013,Y,18 03 2013,18 03 2013,"Severe weather over the Southeast (MS, AL, GA, TN) with 10 confirmed tornadoes. Considerable damage resulting from large hail and straight-line wind.",$2.40,,1
Severe Weather,181,Southern Severe Weather, Feb 2013,Y,24 02 2013,25 02 2013,"Severe weather produced severe hail and wind damage across several southern states including Louisiana, Oklahoma and Texas. The damage was most focused in Louisiana near New Orleans, as severe hail caused significant damage costs to many homes, vehicles and businesses.",$1.10,Y,1
Drought,184,U.S. Drought/ Heat Wave, Jul 1905,Y,1 01 2012,31 12 2012,"The 2012 drought is the most extensive drought to affect the U.S. since the 1930s. Moderate to extreme drought conditions affected more than half the country for a majority of 2012. The following states were affected: CA, NV, ID, MT, WY, UT, CO, AZ, NM, TX, ND, SD, NE, KS, OK, AR, MO, IA, MN, IL, IN, GA. Costly drought impacts occurred across the central agriculture states resulting in widespread harvest failure for corn, sorghum and soybean crops, among others. The associated summer heat wave also caused 123 direct deaths, but an estimate of the excess mortality due to heat stress is still unknown.",$36.90,,123
Wildfire,187,Western Wildfires,Summer-Fall 2012,Y,1 06 2012,30 11 2012,"Wildfires burned over 9.2 million acres across the U.S. in 2012. This is the 3rd highest annual total since the year 2000. The most damaging wildfires occurred in the western states (CO, ID, WY, MT, CA, NV, OR, WA). Colorado experienced the most costly wildfires (e.g., Waldo Canyon fire) where several hundred residences were destroyed.",$2.10,,8
Tropical Cyclone,190,Hurricane Sandy, Oct 2012,,30 10 2012,31 10 2012,"Extensive damage across several northeastern states (MD, DE, NJ, NY, CT, MA, RI) due to high wind and coastal storm surge, particularly NY and NJ. Damage from wind, rain and heavy snow also extended more broadly to other states (NC, VA, WV, OH, PA, NH), as Sandy merged with a developing Nor'easter. Sandy's impact on major population centers caused widespread interruption to critical water / electrical services and also caused 159 deaths (72 direct, 87 indirect). Sandy also caused the New York Stock Exchange to close for two consecutive business days, which last happened in 1888 due to a major winter storm.",$80.00,,159
Tropical Cyclone,193,Hurricane Isaac, Aug 2012,,26 08 2012,31 08 2012,"Category 1 hurricane made landfall over Louisiana. Isaac's slow motion and large size led to a large storm surge and flooding rains. This created damage across several southeastern states (LA, MS, AL, FL) including 9 deaths (5 direct, 4 indirect).",$3.40,,9
Severe Weather,196,Plains/ East/ Northeast Severe Weather,June-July 2012,Y,29 06 2012,2 07 2012,"Sustained outbreak of thunderstorms / high winds from a strong derecho event over the central, eastern, and northeastern states (IL, IN, KY, OH, WV, SC, NC, VA, MD, DC, NJ).",$3.60,,28
Severe Weather,199,Rockies/ Southwest Severe Weather, Jun 2012,Y,6 06 2012,12 06 2012,"Severe storms and damaging hail over several states (CO, NM, TX) with 25 confirmed tornadoes. Colorado experienced over $1.0 ($1.2) billion in damage due to hail.",$3.20,,0
Severe Weather,202,Southern Plains/ Midwest/ Northeast Severe Weather, May 2012,Y,25 05 2012,30 05 2012,"Severe storms over the southern plains, midwest and northeast (TX, OK, KS, MN, PA, NY) with 27 confirmed tornadoes. Significant damage also from severe hail and straight-line winds.",$2.80,,1
Severe Weather,205,Midwest/ Ohio Valley Severe Weather,April-May 2012,Y,28 04 2012,1 05 2012,"Severe weather over the midwest and Ohio Valley (TX, OK, KS, MO, IL, IN, KY) with 38 confirmed tornadoes. Considerable damage resulting from hail.",$4.00,,1
Severe Storm,208,Midwest Tornadoes, Apr 2012,Y,13 04 2012,14 04 2012,"Outbreak of tornadoes and severe weather over the midwest (OK, KS, NE, IA) with 98 confirmed tornadoes including many tornadoes that remained on the ground for an extended time - traveling tens of miles.",$1.40,,6
Severe Storm,211,Texas Tornadoes, Apr 2012,Y,2 04 2012,3 04 2012,Outbreak of tornadoes across the greater Dallas-Ft. Worth metropolitan area. Several moderate strength tornadoes (EF-2 and EF-3) affected towns in this area with a total of 22 confirmed tornadoes.,$1.20,,0
Severe Storm,214,Southeast/ Ohio Valley Tornadoes, Mar 2012,Y,2 03 2012,3 03 2012,"Outbreak of tornadoes and severe weather over the southeast and Ohio Valley (AL, GA, IN, OH, KY, TN) with 75 confirmed tornadoes.",$3.80,,42
Wildfire,217,"Texas, New Mexico, Arizona Wildfires",Summer-Fall 2011,Y,1 06 2011,30 11 2011,"Continued drought conditions and periods of extreme heat provided conditions favorable for a series of historic wildfires across Texas, New Mexico and Arizona. The Bastrop Fire in Texas was the most destructive fire in Texas history destroying over 1,500 homes. The Wallow Fire consumed over 500,000 acres in Arizona making it the largest on record in Arizona. The Las Conchas Fire in New Mexico was also the state's largest wildfire on record scorching over 150,000 acres while threatening the Los Alamos National Laboratory. Over 3 million acres have burned across Texas this wildfire season.",$2.30,,5
Tropical Cyclone,220,Tropical Storm Lee, Sep 2011,Y,1 09 2011,5 09 2011,"Wind and flood damage across the southeast (LA, MS, AL, GA, TN) but considerably more damage from record flooding across the northeast (PA, NY, NJ, CT, VA, MD). Pennsylvania and New York were most affected.",$3.20,,21
Drought,223,Southern Plains/ Southwest Drought and Heat Wave,Spring-Summer 2011,Y,1 03 2011,31 08 2011,"Drought and heat wave conditions created major impacts across Texas, Oklahoma, New Mexico, Arizona, southern Kansas, and western Louisiana. In Texas and Oklahoma, a majority of range and pastures were classified in ""very poor"" condition for much of the 2011 crop growing season.",$15.10,,95
Tropical Cyclone,226,Hurricane Irene, Aug 2011,Y,26 08 2011,28 08 2011,"Category 1 hurricane made landfall over coastal NC and moved northward along the Mid-Atlantic Coast (NC, VA, MD, NJ, NY, CT, RI, MA, VT) causing torrential rainfall and flooding across the Northeast. Wind damage in coastal NC, VA, and MD was moderate with considerable damage resulting from falling trees and power lines, while flooding caused extensive flood damage across NJ, NY, and VT. Over seven million homes and businesses lost power during the storm. Numerous tornadoes were also reported in several states further adding to the damage.",$17.00,,45
Severe Weather,229,Midwest/ Southeast Severe Weather, Aug 2011,Y,17 08 2011,18 08 2011,"Severe weather impacts the states IA, KS, MO, NE, SD across the Midwest and Southeast.",$1.50,,0
Severe Weather,232,Rockies and Midwest Severe Weather, Jul 2011,Y,10 07 2011,14 07 2011,"An outbreak of tornadoes, hail, and high wind caused damage east of the Rockies and across the central plains (CO, WY, IA, IL, MI, MN, OH).",$1.50,,2
Flooding,235,Missouri River flooding,May-June 2011,Y,1 05 2011,30 06 2011,"Melting of an above-average snow pack across the Northern Rocky Mountains combined with above-average precipitation caused the Missouri and Souris Rivers to swell beyond their banks across the Upper Midwest (MT, ND, SD, NE, IA, KS, MO). An estimated 11,000 people were forced to evacuate Minot, North Dakota due to the record high water level of the Souris River, where 4,000 homes were flooded. Numerous levees were breached along the Missouri River, flooding thousands of acres of farmland.",$2.50,,5
Severe Storm,238,Midwest/ Southeast Tornadoes and Severe Weather, Jun 2011,Y,18 06 2011,22 06 2011,"Outbreak of tornadoes over central states (OK, TX, KS, NE, MO, IA, IL) with an estimated 81 tornadoes. Additional wind and hail damage across the Southeast (TN, GA, NC, SC).",$1.90,,3
Flooding,241,Mississippi River flooding,April-May 2011,Y,1 04 2011,31 05 2011,"Persistent rainfall (nearly 300 percent normal precipitation amounts in the Ohio Valley) combined with melting snowpack caused historical flooding along the Mississippi River and its tributaries. Examples of economic damage include: $500 ($630.0) million to agriculture in Arkansas; $320 ($403.2) million in damage to Memphis, Tennessee; $800 million ($1.0 billion) to agriculture in Mississippi; $317 ($399.4) million to agriculture and property in Missouri's Birds Point-New Madrid Spillway; $80 ($100.8) million for the first 30 days of flood fighting efforts in Louisiana.",$3.80,,7
Severe Storm,244,Midwest/ Southeast Tornadoes, May 2011,Y,22 05 2011,27 05 2011,"Outbreak of tornadoes over central and southern states (MO, TX, OK, KS, AR, GA, TN, VA, KY, IN, IL, OH, WI, MN, PA) with an estimated 180 tornadoes. Notably, an EF-5 tornado struck Joplin, MO resulting in at least 160 deaths, making it the deadliest single tornado to strike the U.S. since modern tornado record keeping began in 1950.",$11.50,,177
Severe Storm,247,Southeast/ Ohio Valley/ Midwest Tornadoes, Apr 2011,,25 04 2011,28 04 2011,"Outbreak of tornadoes over central and southern states (AL, AR, LA, MS, GA, TN, VA, KY, IL, MO, OH, TX, OK) with an estimated 343 tornadoes. The deadliest tornado of the outbreak, an EF-5, hit northern Alabama, killing 78 people. Several major metropolitan areas were directly impacted by strong tornadoes including Tuscaloosa, Birmingham, and Huntsville in Alabama and Chattanooga, Tennessee, causing the estimated damage costs to soar.",$12.90,,321
Severe Storm,250,Ohio Valley/ South Tornadoes, Apr 2011,Y,19 04 2011,20 04 2011,"Dozens of tornadoes and severe storms affect the states AR, IL, IN, KY, MO, OH, TN, TX across the Ohio Valley and South.",$1.30,,0
Severe Storm,253,Midwest/ Southeast Tornadoes, Apr 2011,Y,14 04 2011,16 04 2011,"Outbreak of tornadoes over central and southern states (OK, TX, AR, MS, AL, GA, NC, SC, VA, PA) with an estimated 177 tornadoes.",$2.60,,38
Severe Storm,256,Southeast/ Midwest Tornadoes, Apr 2011,Y,8 04 2011,11 04 2011,"Outbreak of tornadoes over central and southern states (NC, SC, TN, AL, TX, OK, KS, IA, WI) with an estimated 59 tornadoes.",$2.70,,0
Severe Storm,259,Midwest/ Southeast Tornadoes, Apr 2011,Y,4 04 2011,5 04 2011,"Outbreak of tornadoes over central and southern states (KS, MO, IA, IL, WI, KY, GA, TN, NC, SC) with an estimated 46 tornadoes.",$3.50,,9
Winter Storm,262,Groundhog Day Blizzard, Feb 2011,Y,1 02 2011,3 02 2011,"A large winter storm impacted many central, eastern and northeastern states. The city of Chicago was brought to a virtual standstill as between 1 and 2 feet of snow fell over the area.",$2.30,,36
Severe Weather,265,Arizona Severe Weather, Oct 2010,,5 10 2010,6 10 2010,"An unusual series of severe thunderstorms across Arizona produced numerous tornadoes and widespread, severe hail damage. Over one-hundred buildings were damaged or destroyed by tornadoes while thousands of automobiles and buildings were damaged by large hail across Phoenix and surrounding cities.",$4.90,,0
Severe Storm,268,Midwest/ Northeast Severe Storms and Flooding, Jul 2010,Y,20 07 2010,23 07 2010,"Severe storms and flooding affect the states IA, IL, MD, NY, PA, WI across the Midwest and Northeast.",$1.20,Y,0
Severe Weather,271,Rockies/ Central/ East Severe Weather, Jun 2010,Y,10 06 2010,15 06 2010,"Severe storms cause high wind and hail damage across numerous states including CO, NM, KS, OK, IL, IN, GA, SC and NC.",$1.20,Y,2
Severe Storm,274,"Oklahoma, Kansas, and Texas Tornadoes and Severe Weather", May 2010,Y,10 05 2010,12 05 2010,"An outbreak of tornadoes, hail, and severe thunderstorms occurred across Oklahoma, Kansas, and Texas in mid-May. Oklahoma was hardest hit with > $1.5 ($1.9) billion in damages.",$4.30,,3
Flooding,277,East/ South Flooding and Severe Weather, May 2010,Y,30 04 2010,2 05 2010,"Flooding, hail, tornadoes, and severe thunderstorms occurred across many Southern states (TN, AR, KY, GA) on April 30-May 2. Flooding in the Nashville, TN area alone contributed > $1.0 ($1.3) billion in damages. Western and Middle Tennessee were hardest hit with local rainfall amounts of 18-20 inches to the south and west of Greater Nashville.",$2.90,,32
Flooding,280,Northeast Flooding, Mar 2010,Y,1 03 2010,31 03 2010,"Heavy rainfall over portions of the Northeast in late March caused extensive flooding across several states (RI, CT, MA, NJ, NY, PA). The event caused the worst flooding in Rhode Island's history.",$2.40,,11
Winter Storm,283,Northeast Winter Storm, Feb 2010,Y,9 02 2010,11 02 2010,"Winter storm produced 10-20 inches of snow and high wind impacts across numerous northeastern and eastern states including Pennsylvania, Maryland, Delaware, New Jersey, West Virginia, Virginia and North Carolina. These impacts were most focused in Pennsylvania and Maryland, as this winter storm closely followed a previous winter storm from the week prior.",$1.00,Y,3
Drought,286,Southwest/ Great Plains Drought, Jul 1905,Y,1 01 2009,31 12 2009,"Drought conditions occurred during much of the year across parts of the Southwest, Great Plains, and southern Texas causing agricultural losses in numerous states (TX, OK, KS, CA, NM, AZ). The largest agriculture losses occurred in TX and CA.",$4.60,,0
Wildfire,289,Western Wildfires,Summer-Fall 2009,Y,1 06 2009,30 11 2009,"Residual and sustained drought conditions across western and south-central states resulted in thousands of wildfires. Most affected states include CA, AZ, NM, TX, OK, and UT. National wildfire acreage burned exceeds 5.9 million acres. Over 200 homes and structures destroyed in the California ""Station"" fire alone.",$1.30,,10
Severe Storm,292,Colorado Hail Storm, Jul 2009,Y,20 07 2009,20 07 2009,"Severe hail impacts Colorado. Jefferson County was most affected with hail at least 8 inches deep. The hail damage from this storm was comparable to the July 11, 1990 Colorado hail storm.",$1.30,,0
Severe Weather,295,"Midwest, South and East Severe Weather", Jun 2009,Y,9 06 2009,12 06 2009,"Sustained outbreak of thunderstorms and high winds from a strong derecho event over the central, southern, and eastern states (TX, OK, MO, NE, KS, AR, AL, MS, TN, NC, SC, KY, PA).",$1.80,,0
Severe Storm,298,Central Tornadoes and Severe Weather, May 2009,Y,7 05 2009,9 05 2009,"More than 50 tornadoes and large hail from severe storms caused damage across many southeastern states (IL, KS, KY, MO, TN, TX).",$1.10,Y,7
Severe Storm,301,South/ Southeast Severe Weather and Tornadoes, Apr 2009,Y,9 04 2009,10 04 2009,"Outbreak of tornadoes, hail and severe thunderstorms over the south and southeastern states (AL, AR, GA, KY, MO, SC, TN) with 85 confirmed tornadoes.",$1.90,,6
Severe Storm,304,Midwest/ Southeast Tornadoes, Mar 2009,Y,25 03 2009,28 03 2009,"Outbreak of tornadoes over central and southern states (NE, KS, OK, IA, TX, LA, MS, AL, GA, TN, KY) with 56 tornadoes confirmed.",$2.20,,0
Severe Weather,307,Southeast/ Ohio Valley Severe Weather, Feb 2009,Y,10 02 2009,11 02 2009,"Complex of severe thunderstorms and high winds across the region (TN, KY, OK, OH, VA, WV, PA).",$2.30,,10
Drought,310,U.S. Drought, Jun 1905,Y,1 01 2008,31 12 2008,"Severe drought and heat caused agricultural losses across a large portion of the U.S. Record low lake levels also occurred in areas of the southeast. The states impacted include AL, AR, CA, CO, GA, ID, IN, KS, KY, MD, MN, MS, MT, NC, ND, NJ, NM, OH, OK, OR, SC, TN, TX, UT, VA, WA and WI.",$9.30,,0
Wildfire,313,U.S. Wildfires,Fall 2008,Y,1 09 2008,30 11 2008,"Drought conditions across numerous western, central and southeastern states (AK, AZ, CA, NM, ID, UT, MT, NV, OR, WA, CO, TX, OK, NC, FL ) resulted in thousands of wildfires; national acreage burned exceeding 5.2 million acres (mainly in the west) and over 1,000 homes and structures destroyed in California fires alone.",$1.60,,16
Tropical Cyclone,316,Hurricane Ike, Sep 2008,Y,12 09 2008,14 09 2008,"Category 2 hurricane makes landfall in Texas, as the largest (in size) Atlantic hurricane on record, causing considerable storm surge in coastal TX and significant wind and flooding damage in TX, LA, AR, TN, IL, IN, KY, MO, OH, MI and PA. Severe gasoline shortages occurred in the southeast U.S. due to damaged oil platforms, storage tanks, pipelines and off-line refineries.",$39.60,,112
Tropical Cyclone,319,Hurricane Gustav, Sep 2008,Y,31 08 2008,3 09 2008,"Category 2 hurricane makes landfall in Louisiana causing significant wind, storm surge, and flooding damage in AL, AR, LA, and MS.",$7.90,,53
Tropical Cyclone,322,Hurricane Dolly, Jul 2008,Y,23 07 2008,25 07 2008,Category 2 hurricane makes landfall in southern Texas causing considerable wind and flooding damage in TX and NM.,$1.70,,3
Flooding,325,Midwest Flooding,Summer 2008,,1 04 2008,30 06 2008,"Heavy rain and flooding caused significant agricultural loss and property damage in IA, IL, IN, MO, MN, NE, and WI with IA being hardest hit with widespread rainfall totals ranging from 4 to over 16 inches.",$13.10,,24
Severe Weather,328,Midwest/ Mid-Atlantic Severe Weather, Jun 2008,Y,6 06 2008,12 06 2008,"An outbreak of tornadoes and thunderstorms over the Midwest/Mid-Atlantic states (IA, IL, IN, KS, NE, MI, MN, MO, OK, WI, MD, VA, WV).",$2.20,,18
Severe Storm,331,Midwest Tornadoes and Severe Weather, May 2008,Y,22 05 2008,27 05 2008,"Outbreak of tornadoes over the Midwest/Ohio Valley regions (IL, IN, IA, KS, MN, NE, OK, WY, CO) with 235 tornadoes confirmed.",$4.00,,13
Severe Weather,334,Southern Severe Weather, Apr 2008,Y,9 04 2008,11 04 2008,"Severe storms affect Arkansas, Oklahoma and Texas across the South.",$1.40,,2
Severe Storm,337,Southeast Tornadoes, Mar 2008,Y,14 03 2008,15 03 2008,Tornadoes and severe weather across Georgia and South Carolina. This includes an EF-2 tornado causing damage to numerous buildings in downtown Atlanta.,$1.50,,5
Severe Storm,340,Southeast Tornadoes and Severe Weather, Feb 2008,Y,5 02 2008,6 02 2008,"Series of tornadoes and severe thunderstorms across the Southeast and Midwest states (AL, AR, IN, KY, MS, OH, TN, TX) with 87 tornadoes confirmed.",$1.60,,57
Severe Weather,343,"Western, Central and Northeast Severe Weather", Jan 2008,Y,4 01 2008,9 01 2008,"Strong storm produces severe weather including hail, high winds and heavy precipitation from California to New York. Flash floods and landslides cause damage in California. In addition, more than 70 tornadoes were reported from Arkansas to Wisconsin, with the highest concentration of tornadoes in Missouri.",$1.30,,12
Drought,346,Western/ Eastern Drought/ Heat Wave,Summer-Fall 2007,Y,1 06 2007,30 11 2007,"Severe drought with periods of extreme heat over most of the southeast and portions of the Great Plains, Ohio Valley, and Great Lakes area, resulting in major reductions in crop yields, along with very low stream-flows and lake levels. Includes states of ND, SD, NE, KS, OK, TX, MN, WI, IA, MO, AR, LA, MS, AL, GA, NC, SC, FL, TN, VA, WV, KY, IN, IL, OH, MI, PA, NY.",$4.80,,15
Wildfire,349,Western Wildfires,Summer 2007,Y,1 06 2007,31 08 2007,"Continued drought conditions and high winds over much of the western U.S. (AK, AZ, CA, ID, UT, MT, NV, OR, WA) resulting in numerous wildfires; with national acreage burned exceeding 8.9 million acres (mainly in the west) and over 3,000 homes and structures destroyed in southern California alone.",$3.80,,12
Severe Storm,352,East/ South Severe Weather and Flooding, Apr 2007,Y,13 04 2007,17 04 2007,"Flooding, hail, tornadoes, and severe thunderstorms across numerous states (CT, DE, GA, LA, ME, MD, MA, MS, NH, NJ, NY, NC, PA, RI, SC, TX, VT, VA) in mid-April, including 3 ""killer"" tornadoes.",$3.40,,9
Freeze,355,Spring Freeze, Apr 2007,,4 04 2007,10 04 2007,"Widespread severe freeze over much of the east and midwest (AL, AR, GA, IA, IL, IN, KS, KY, MO, MS, NC, NE, OH, OK, SC, TN, VA, WV), causing significant losses in fruit crops, field crops (especially wheat), and the ornamental industry. Temperatures in the teens/20s accompanied by rather high winds nullified typical crop-protection systems.",$2.80,,0
Freeze,358,California Freeze, Jan 2007,Y,11 01 2007,17 01 2007,"Widespread agricultural freeze -- for nearly two weeks in January, overnight temperatures over a good portion of California dipped into the 20s, destroying numerous agricultural crops; with citrus, berry, and vegetable crops most affected.",$1.90,,1
Wildfire,361,Numerous Wildfires, Jun 1905,Y,1 01 2006,31 12 2006,"Numerous wildfires driven by dry weather and high winds burned over 9.8 million acres, across the western half of the country including Alaska. This is the second highest annual total behind the 10.1 million acres burned in 2015 since record-keeping began in 1960. The most affected states were AK, AZ, CA, CO, FL, ID, MT, NM, NV, OK, OR, TX, WA, WY",$2.10,,28
Severe Weather,364,Central Severe Weather, Oct 2006,Y,2 10 2006,5 10 2006,"Severe storms cause high wind and hail damage across numerous states including OH, IL, IN, MI, MN and WI.",$1.20,Y,1
Drought,367,Midwest/ Plains/ Southeast Drought,Spring-Summer 2006,Y,1 03 2006,31 08 2006,"Rather severe drought affected crops especially during the spring-summer, centered over the Great Plains region with other areas affected across portions of the south -- including states of ND, SD, NE, KS, OK, TX, MN, IA, MO, AR, LA, MS, AL, GA, FL, MT, WY, CO, NM.",$8.40,,0
Flooding,370,Northeast Flooding, Jun 2006,Y,25 06 2006,28 06 2006,"Severe flooding over portions of the northeast due to several weeks of heavy rainfall, affecting the states of NY, PA, DE, MD, NJ, and VA.",$2.10,,20
Severe Storm,373,Midwest Tornadoes, Apr 2006,Y,13 04 2006,16 04 2006,"Tornadoes and severe weather cause significant damage in the states of IA, IL, IN, and WI. The state of Indiana was most affected with over one billion dollars in damage.",$3.40,,27
Severe Storm,376,Midwest/ Southeast Tornadoes,"April 6-8, 2006",Y,6 04 2006,8 04 2006,"Severe weather and numerous tornadoes affecting the states of OK, KS, MO, NE, KY, OH, TN, IN, MS, GA, and AL on April 6-8 with 3 ""killer"" tornadoes in TN.",$2.20,,10
Severe Storm,379,Severe Storms and Tornadoes, Mar 2006,,8 03 2006,13 03 2006,"Outbreak of tornadoes over portions of the midwest and south during a week-long period-affecting the states of AL, AR, KY, MS, TN, TX, IN, KS, MO, and OK.",$1.90,,10
Tropical Cyclone,382,Hurricane Wilma, Oct 2005,Y,24 10 2005,24 10 2005,"Category 3 hurricane hits SW Florida resulting in strong damaging winds and major flooding across southeastern Florida. Prior to landfall, Wilma as a Category 5 recorded the lowest pressure (882 mb) ever recorded in the Atlantic basin.",$27.70,,35
Tropical Cyclone,385,Hurricane Rita, Sep 2005,Y,20 09 2005,24 09 2005,"Category 3 hurricane hits Texas-Louisiana border coastal region, creating significant storm surge and wind damage along the coast, and some inland flooding in the FL panhandle, AL, MS, LA, AR, and TX. Prior to landfall, Rita reached the third lowest pressure (897 mb) ever recorded in the Atlantic basin.",$27.00,,119
Drought,388,Midwest Drought,Spring-Summer 2005,Y,1 03 2005,31 08 2005,"Rather severe localized drought causes significant crop losses (especially for corn and soybeans) in the states of AR, IL, IA, IN, MO, OH, and WI.",$2.20,,0
Tropical Cyclone,391,Hurricane Katrina, Aug 2005,,25 08 2005,30 08 2005,"Category 3 hurricane initially impacts the U.S. as a Category 1 near Miami, FL, then as a strong Category 3 along the eastern LA-western MS coastlines, resulting in severe storm surge damage (maximum surge probably exceeded 30 feet) along the LA-MS-AL coasts, wind damage, and the failure of parts of the levee system in New Orleans. Inland effects included high winds and some flooding in the states of AL, MS, FL, TN, KY, IN, OH, and GA.",$182.50,,"1,833"
Tropical Cyclone,394,Hurricane Dennis, Jul 2005,Y,9 07 2005,11 07 2005,"Category 3 hurricane makes landfall in western Florida panhandle resulting in storm surge and wind damage along the FL and AL coasts, along with scattered wind and flood damage in GA and MS.",$3.60,,15
Severe Weather,397,Southeast Severe Weather, Mar 2005,Y,24 03 2005,27 03 2005,"Severe storms cause widespread hail damage across numerous states including TX, AL, MS, GA, FL, NC and VA.",$1.30,Y,0
Tropical Cyclone,400,Hurricane Jeanne, Sep 2004,Y,15 09 2004,29 09 2004,"Category 3 hurricane makes landfall in east-central Florida, causing considerable wind, storm surge, and flooding damage in FL, with some flood damage also in the states of GA, SC, NC, VA, MD, DE, NJ, PA, and NY. Puerto Rico also affected.",$11.20,,28
Tropical Cyclone,403,Hurricane Ivan, Sep 2004,Y,12 09 2004,21 09 2004,"Category 3 hurricane makes landfall on Gulf coast of Alabama, with significant wind, storm surge, and flooding damage in coastal AL and FL panhandle, along with wind/flood damage in the states of GA, MS, LA, SC, NC, VA, WV, MD, TN, KY, OH, DE, NJ, PA, and NY.",$30.80,,57
Tropical Cyclone,406,Hurricane Frances, Sep 2004,Y,3 09 2004,9 09 2004,"Category 2 hurricane makes landfall in east-central Florida, causing significant wind, storm surge, and flooding damage in FL, along with considerable flood damage in the states of GA, SC, NC, and NY due to 5-15 inch rains.",$14.70,,48
Tropical Cyclone,409,Hurricane Charley, Aug 2004,Y,13 08 2004,14 08 2004,"Category 4 hurricane makes landfall in southwest Florida, resulting in major wind and some storm surge damage in FL, along with some damage in the states of SC and NC.",$24.00,,35
Severe Storm,412,"Severe Storms, Hail, Tornadoes", May 2004,Y,21 05 2004,27 05 2004,"Severe storms including tornadoes and hail cause damage across the Midwest, South, Southeast and Northeast regions. The states impacted include IA, IL, IN, KY, MI, MO, NC, NE, NY, OK, OH and WI.",$1.50,,4
Wildfire,415,California Wildfires,Fall 2003,Y,1 09 2003,30 11 2003,"Dry weather, high winds, and resulting wildfires in Southern California burned over 3,700 homes. Nearly 4.0 million acres burned across numerous western states including Alaska.",$6.00,,22
Drought,418,Western/ Central Drought/ Heat Wave,Spring-Fall 2003,Y,1 03 2003,30 11 2003,"2003 drought across western and central portions of the U.S. with losses to agriculture. The states most impacted include AZ, CO, IA, ID, IL, KS, MI, MN, MO, MT, ND, NE, NM, OR, SD, WA and WI.",$7.70,,35
Tropical Cyclone,421,Hurricane Isabel, Sep 2003,Y,18 09 2003,19 09 2003,"Category 2 hurricane makes landfall in eastern North Carolina, causing considerable storm surge damage along the coasts of NC, VA, and MD, with wind damage and some flooding due to 4-12 inch rains in NC, VA, MD, DE, WV, NJ, NY, and PA.",$8.40,,55
Severe Weather,424,Severe Weather, Jul 2003,Y,21 07 2003,23 07 2003,"Severe storms impact states across the South, Southeast, Midwest and Northeast regions. The states most impacted include AR, AL, MS, GA, FL, SC, TN, KY, MI, NY, OH, PA and VT.",$1.50,,7
Severe Weather,427,Midwest/ Plains Severe Weather, Jul 2003,Y,4 07 2003,9 07 2003,"Severe storms affect the states IA, IL, IN, MI, MN, OH, VA, WV across the Midwest and Plains.",$1.30,Y,7
Severe Storm,430,Severe Storms/ Tornadoes, May 2003,Y,3 05 2003,10 05 2003,"Numerous tornadoes over the midwest, Mississippi valley, OH/TN valleys, and portions of the southeast, with a modern record one-week total of approximately 400 tornadoes reported",$6.30,,51
Severe Storm,433,Severe Storms/ Hail, Apr 2003,Y,4 04 2003,7 04 2003,"Severe storms and large hail over the southern plains and lower MS valley, with Texas hardest hit, and much of the monetary losses due to hail.",$3.10,,3
Wildfire,436,Western Fire Season,Fall 2002,Y,1 09 2002,30 11 2002,"Major wildfires over 11 western states from the Rockies to the west coast due to drought and periodic high winds, with over 7.1 million acres burned.",$2.10,,21
Drought,439,U.S. Drought,Spring-Fall 2002,Y,1 03 2002,30 11 2002,"Moderate to extreme drought over large portions of more than 30 states, including the western states, the Great Plains, and much of the eastern U.S.",$14.10,,0
Severe Storm,442,Eastern Tornadoes and Severe Storms, Nov 2002,Y,9 11 2002,11 11 2002,"Tornado outbreak of over 100 tornadoes across many eastern states causes widespread damage (AL, MS, GA, TN, KY, OH, PA). Tennessee and Ohio had the highest count of tornadoes.",$1.10,Y,28
Tropical Cyclone,445,Tropical Storm Isidore, Sep 2002,Y,25 09 2002,27 09 2002,"Tropical Storm Isidore caused heavy rain, flooding, tornadoes and coastal storm surge that impacted Louisiana, Mississippi, Alabama and Tennessee. Rainfall exceeded 15 inches across southern Louisiana with storm surge over 8 feet.",$1.80,,5
Tropical Cyclone,448,Hurricane Lili, Oct 2002,,1 08 2002,5 08 2002,"Category 1 hurricane makes landfall in Louisiana after causing damage across Saint Lucia, Jamaica, Haiti and Cuba.",$1.70,,2
Severe Storm,451,Severe Storms and Tornadoes, Apr 2002,,27 04 2002,28 04 2002,"Numerous tornadoes and widespread hail damage over the Central and Eastern states including NC, GA, VA, TX, AR, MO, MS, TN, IL, IN, KY, PA, MD, NY, OH, WV, and KS.",$3.30,,7
Tropical Cyclone,454,Tropical Storm Allison, Jun 2001,,5 06 2001,17 06 2001,"The persistent remnants of Tropical Storm Allison produce rainfall amounts of 30-40 inches in portions of coastal Texas and Louisiana, causing severe flooding especially in the Houston area, then moves slowly northeastward; fatalities and significant damage reported in TX, LA, MS, FL, VA, and PA",$13.50,,43
Severe Storm,457,Midwest/ Ohio Valley Hail and Tornadoes, Apr 2001,,6 04 2001,11 04 2001,"Storms, tornadoes, and hail in the states of TX, OK, KS, NE, IA, MO, IL, IN, WI, MI, OH, KY, WV, and PA, over a 6-day period.",$4.90,,3
Drought,460,Western/ Central/ Southeast Drought/ Heat Wave,Spring-Fall 2000,Y,1 03 2000,30 11 2000,"Western/Central/Southeast Drought/Heat Wave. The states impacted include AZ, AL, AR, CA, CO, FL, GA, IA, KS, LA, MS, MT, NE, NM, OK, OR, SC, TN, and TX.",$8.20,,140
Flooding,463,South Florida Flooding, Oct 2000,,3 10 2000,4 10 2000,Heavy rainfall up to 15 inches affected south Florida surrounding Miami that resulted in severe flooding that damaged thousands of homes and businesses. There was also several hundred million in damage done to agriculture.,$1.50,Y,3
Wildfire,466,Western Fire Season,Spring-Summer 2000,Y,1 03 2000,31 08 2000,"Severe wildfire season in the western states due to drought and frequent winds, with nearly 7 million acres burned.",$1.80,,0
Severe Weather,469,Southern Severe Weather, Mar 2000,Y,28 03 2000,29 03 2000,"Severe weather produced tornadoes, hail and high wind damage across Louisiana and Texas. The damage was most focused in northeastern Texas. These storms caused impacts to many homes, vehicles and businesses.",$1.10,Y,0
Winter Storm,472,Southeast Winter Storm, Jan 2000,Y,21 01 2000,24 01 2000,"Strong winter storm causes disruption and damage over numerous southeastern states (AL, GA, NC, SC, TN, LA, VA). Record amounts of snowfall occured across central North Carolina, with snow totals in excess of 20 inches.",$1.20,Y,4
Tropical Cyclone,475,Hurricane Floyd, Sep 1999,,14 09 1999,16 09 1999,"Large, category 2 hurricane makes landfall in eastern NC, causing 10-20 inch rains in 2 days, with severe flooding in NC and some flooding in SC, VA, MD, PA, NY, NJ, DE, RI, CT, MA, NH, and VT.",$11.00,,77
Drought,478,Eastern Drought/ Heat Wave,Summer 1999,Y,1 06 1999,31 08 1999,"Very dry summer and high temperatures, mainly in eastern U.S., with extensive agricultural losses. The states impacted include AL, AR, FL, GA, KY, LA, MD, MS, NC, NJ, OH, SC, TN, VA, WV and PA.",$4.20,,502
Severe Storm,481,Oklahoma and Kansas Tornadoes, May 1999,,3 05 1999,6 05 1999,"Outbreak of F4-F5 tornadoes hit the states of Oklahoma and Kansas, along with Texas and Tennessee, Oklahoma City area hardest hit.",$3.40,,55
Winter Storm,484,Central and Eastern Winter Storm,Mid-January 1999,,13 01 1999,16 01 1999,"Winter storm affecting the Central and Eastern states including IL, IN, OH, MI, WV, VA, MD, PA, NJ, NY, MA, CT, VT, NH and ME.",$1.50,Y,0
Winter Storm,487,Central and Eastern Winter Storm, Jan 1999,,1 01 1999,4 01 1999,"South, Southeast, Midwest, Northeast affected by damaging winter storm",$1.70,,25
Freeze,490,California Freeze, Dec 1998,,20 12 1998,28 12 1998,A severe freeze damaged fruit and vegetable crops in the Central and Southern San Joaquin Valley. Extended intervals of sub 27° F temperatures occurred over an 8-day period.,$4.30,,0
Flooding,493,Texas Flooding, Oct 1998,,16 10 1998,24 10 1998,"Severe flooding in southeast Texas from 2 heavy rain events, with 10-20 inch rainfall totals",$1.60,Y,31
Tropical Cyclone,496,Hurricane Georges, Sep 1998,,20 09 1998,29 09 1998,"Category 2 hurricane strikes Puerto Rico, Virgin Islands, Florida Keys, and Gulf coasts of Louisiana, Mississippi, Alabama, and Florida panhandle, 15-30 inch 2-day rain totals in parts of Alabama and Florida",$10.30,,16
Drought,499,Southern Drought and Heat Wave,Summer 1998,,1 06 1998,31 08 1998,"Severe drought and heat wave from Texas/Oklahoma eastward to the Carolinas. The states impacted include AL, AR, FL, GA, LA, MS, NC, OK, SC, TN, TX, and VA.",$6.10,,200
Tropical Cyclone,502,Hurricane Bonnie, Aug 1998,,27 08 1998,29 08 1998,"Category 3 hurricane strikes eastern North Carolina and Virginia, extensive agricultural damage due to winds and flooding, with 10-inch rains in 2 days in some locations.",$1.70,,3
Tropical Cyclone,505,Tropical Storm Frances, Sep 1998,,8 08 1998,13 08 1998,Tropical Storm Frances caused extensive flooding in Texas and Louisiana. The rainfall totals from Frances were 10 to 20 inches across eastern Texas into southern Louisiana.,$1.20,Y,2
Severe Storm,508,"Severe Storms, Tornadoes", Jun 1998,,30 05 1998,2 06 1998,"Severe storms in late May through early June hit the Midwest, North, Northeast, and Southeast",$2.00,,20
Severe Storm,511,Minnesota Severe Storms/ Hail, May 1998,,15 05 1998,15 05 1998,Very damaging severe thunderstorms with large hail over wide areas of Minnesota,$2.80,,1
Severe Storm,514,Western/ Eastern Severe Weather and Flooding,Winter-Spring 1998,,1 12 1997,28 02 1998,"Tornadoes and flooding cause damage across the West and Southeast. The states impacted include CA, TX, FL, AL, GA, LA, MS, NC and SC.",$1.80,,132
Winter Storm,517,Northeast Ice Storm, Jan 1998,,5 01 1998,9 01 1998,"Intense ice storm hits Maine, New Hampshire, Vermont, and New York, with extensive forestry losses",$2.40,,16
Flooding,520,Northern Plains Flooding,Spring 1997,,3 02 1997,24 05 1997,"Severe flooding in North Dakota, South Dakota and Minnesota due to heavy spring snow melt. This flooding caused widespread damage to agriculture, infrastructure, homes and businesses.",$6.40,,11
Flooding,523,Mississippi and Ohio Valley Severe Weather and Flooding, Mar 1997,,28 02 1997,5 03 1997,"Tornadoes and severe flooding hit the states of AR, MO, MS, TN, IL, IN, KY, OH, and WV, with over 10 inches of rain in 24 hours in Louisville.",$1.70,,67
Flooding,526,West Coast Flooding,December 1996-January 1997,,1 01 1997,11 01 1997,"Torrential rains (10-40 inches in 2 weeks) and snowmelt produce severe flooding over portions of CA, WA, OR, ID, NV, and MT.",$5.30,,36
Tropical Cyclone,529,Hurricane Fran, Sep 1996,,5 09 1996,8 09 1996,"Category 3 hurricane strikes North Carolina and Virginia, over 10-inch 24-hour rains in some locations and extensive agricultural and other losses.",$9.00,,37
Drought,532,Southern Plains Drought,Spring-Summer 1996,,1 03 1996,31 08 1996,Severe drought in agricultural regions of southern plains--Texas and Oklahoma most severely affected,$3.20,,0
Flooding,535,Pacific Northwest Severe Flooding, Feb 1996,,7 02 1996,12 02 1996,"Very heavy, persistent rains (10-30 inches) and melting snow over OR, WA, ID, and western MT.",$1.80,,9
Winter Storm,538,Blizzard/ Floods, Jan 1996,,1 01 1996,31 01 1996,"Very heavy snowstorm (1-4 feet) over Appalachians, Mid-Atlantic, and Northeast; followed by severe flooding in parts of same area due to rain and snowmelt.",$5.40,,187
Tropical Cyclone,541,Hurricane Opal, Oct 1995,,4 10 1995,6 10 1995,"Category 3 hurricane strikes Florida panhandle, Alabama, western Georgia, eastern Tennessee, and the western Carolinas, causing storm surge, wind, and flooding damage.",$8.70,,27
Drought,544,"Central, Southern and Northeast Drought/ Heat Wave", Sep 1995,Y,1 07 1995,30 09 1995,"Historic mid-July heat wave and urban heat island amplification caused hundreds of deaths across several major cities including Chicago, Milwaukee, and Philadelphia. Following the heat wave was hot, dry weather in July and August 1995 that affected crops in numerous states, as crops had not rooted well due to late planting from previous wet soils. This left crops vulnerable to a flash drought during a key portion of the growing season.",$1.80,,872
Tropical Cyclone,547,Hurricane Marilyn, Sep 1995,,15 09 1995,17 09 1995,Category 2 hurricane impacts the U.S. Virgin Islands and Puerto Rico with maximum sustained winds of 110 mph.,$3.90,,13
Tropical Cyclone,550,Hurricane Erin, Aug 1995,,1 08 1995,7 08 1995,"Hurricane Erin impacted Florida as a category 1 hurricane. Most of the damage resulted from heavy rainfall and flooding in Florida, Alabama and Mississippi.",$1.60,Y,6
Severe Weather,553,South Plains Severe Weather, May 1995,,5 05 1995,7 05 1995,"Torrential rains, hail, and tornadoes across Texas-Oklahoma and southeast Louisiana-southern Mississippi, with Dallas and New Orleans areas (10-25 inch rains in 5 days) hardest hit.",$10.10,,32
Flooding,556,California Flooding,January-March 1995,,1 01 1995,31 03 1995,Frequent winter storms cause 20-70 inch rainfall and periodic flooding across much of California,$4.60,,27
Wildfire,559,Western Fire Season,Summer-Fall 1994,,1 06 1994,30 11 1994,"Severe wildfire season in the western states due to dry weather conditions. The states most impacted include CA, AZ, OR, WA, CO, UT, NV, NM and TX.",$1.40,Y,0
Flooding,562,Texas Flooding, Oct 1994,,16 10 1994,25 10 1994,Torrential rain (10-25 inches in 5 days) and thunderstorms cause flooding across much of southeast Texas,$1.90,,19
Tropical Cyclone,565,Tropical Storm Alberto, Jul 1994,,7 07 1994,10 07 1994,"Remnants of slow-moving Alberto bring torrential 10-25 inch rains in 3 days, widespread flooding and agricultural damage in parts of Georgia, Alabama, and panhandle of Florida.",$1.90,,32
Severe Storm,568,Midwest/ Plains Tornadoes, Apr 1994,,25 04 1994,27 04 1994,"Tornadoes and severe storms cause damage in states across the South, Southeast and Midwest. The states impacted include TX, OK, AR, CO, KS, NE, IA, SD, IL, IN, MN and MO.",$1.90,,3
Winter Storm,571,Southeast Ice Storm, Feb 1994,,8 02 1994,13 02 1994,"Intense ice storm with extensive damage in portions of TX, OK, AR, LA, MS, AL, TN, GA, SC, NC, and VA.",$5.70,,9
Winter Storm,574,"Winter Storm, Cold Wave", Jan 1994,,17 01 1994,20 01 1994,"Winter storm affects the Southeast and Northeast regions. The states impacted include CT, DE, IL, IN, KY, MA, MD, ME, NC, NH, NJ, NY, OH, PA, RI, SC, TN, VA, VT and WV.",$2.00,,70
Wildfire,577,California Wildfires,Fall 1993,,1 09 1993,30 11 1993,"Dry weather, high winds and wildfires in Southern California",$2.70,,4
Drought,580,Southeast Drought and Heat Wave,Summer 1993,,1 06 1993,31 08 1993,"Drought and heat wave across Southeastern U.S. The states most impacted include AL, FL, GA, MD, NC, SC, TN, and VA.",$2.50,,16
Flooding,583,Midwest Flooding,Summer 1993,,27 06 1993,15 08 1993,"Severe, widespread flooding in central U.S. due to persistent heavy rains and thunderstorms. There was extensive damage to agriculture, infrastructure, homes and businesses in many areas across several states. Many river stations also established new records for historical flood heights. This is the most costly non-tropical, inland flood event to affect the United States on record.",$40.90,,48
Severe Weather,586,Northern Plains and Ohio Valley Severe Weather, Jul 1993,,8 07 1993,10 07 1993,"Severe storms caused high wind, hail and tornado damage across many Northern/Central Plains (NE, KS, MO, IA, MN, ND) and Ohio Valley states (IL, IN).",$1.20,Y,1
Winter Storm,589,East Coast Blizzard and Severe Weather, Mar 1993,,11 03 1993,14 03 1993,"The ""Storm of the Century"" impacts the entire Eastern seaboard from Florida to Maine. This historic storm dumped 2-4 feet of snow and caused hurricane force winds across many Eastern and Northeastern states. This caused power outages to over 10 million households. Additional impacts included numerous tornadoes across Florida causing substantial damage. This was the most destructive and costly winter storm to affect the United States (since 1980), until it was surpassed by the February 2021 winter storm and cold wave.",$10.80,,270
Winter Storm,592,Northeast Winter Storm, Dec 1992,,10 12 1992,13 12 1992,"Slow-moving winter storm batters northeast U.S. coast, with the New England region hardest hit. The states impacted include VA, MD, DE, PA, NJ, NY, CT, RI, MA and WV.",$5.00,,19
Severe Weather,595,Southeast Severe Weather, Nov 1992,,21 11 1992,23 11 1992,"Three-day tornado outbreak strikes many Central and Eastern states including TX, LA, AL, MS, GA, AR, IN, OH, KY, TN, and NC. Major damage was reported across many areas, as more than 100 tornadoes were reported. This event remains one of the most prolific Fall season tornado outbreaks on record.",$1.30,Y,26
Tropical Cyclone,598,Hurricane Iniki, Sep 1992,,11 09 1992,12 09 1992,Category 4 hurricane causes severe damage to the Hawaiian island of Kauai. Hurricane Iniki is the costliest and deadliest hurricane to affect Hawaii since 1900.,$6.20,,7
Tropical Cyclone,601,Hurricane Andrew, Aug 1992,,23 08 1992,27 08 1992,"Category 5 hurricane hits Florida and later impacts Louisiana as a category 3. High winds damage or destroy over 125,000 homes and leave at least 160,000 people homeless in Dade County, Florida alone. Initially rated as a category 4, Andrew was later upgraded to a category 5 upon further analysis. Andrew joins Hurricane Camille (1969) and the Labor Day Hurricane (1935), as the only land falling category 5 hurricanes on record to affect the U.S. mainland. Adjusted to present-day dollars, Andrew is the 6th most costly hurricane to impact the U.S. since 1980, after Katrina (2005), Harvey (2017), Maria (2017), Sandy (2012) and Irma (2017).",$54.30,,61
Severe Storm,604,"Severe Storms, Hail", Jun 1992,,19 06 1992,20 06 1992,Severe storms with hail hit Kansas and Oklahoma,$1.50,Y,0
Severe Storm,607,"Hail, Tornadoes", Apr 1992,,28 04 1992,29 04 1992,Severe Storms hit Oklahoma and Texas with tornadoes and hail,$1.90,,0
Severe Storm,610,Severe Storms, Mar 1992,,24 03 1992,25 03 1992,"Severe storms affect the South, Southeast. The states most impacted include Texas, Louisiana and Florida.",$1.60,Y,0
Wildfire,613,Oakland Firestorm, Oct 1991,,1 10 1991,31 10 1991,"Oakland, California firestorm due to low humidity and high winds burned over 3,000 homes. This was the costliest urban wildfire to affect the United States since 1980 when it occurred.",$6.80,,25
Drought,616,U.S. Drought,Spring-Summer 1991,,1 03 1991,31 08 1991,"Drought conditions over parts of the West, Central and eastern U.S. most affected the states IL, IN, KS, MN, OH, OR, PA, SD, and WA.",$6.20,,0
Tropical Cyclone,619,Hurricane Bob, Aug 1991,,18 08 1991,20 08 1991,Category 2 hurricane brushes the Outer Banks of North Carolina before making landfall in Rhode Island. Its impacts were felt from North Carolina to Long Island and into New England.,$3.10,,18
Severe Storm,622,"Severe Storms, Tornadoes", Mar 1991,,26 03 1991,29 03 1991,"Severe storms hit the Midwest, Southeast, Northeast. The states impacted include KS, IL, MI, IN, MS, TN, KY, OH, AL, PA, NY, GA, SC and NC.",$1.30,Y,0
Freeze,625,California Freeze, Dec 1990,,18 12 1990,25 12 1990,"Severe freeze in the Central and Southern San Joaquin Valley caused the loss of citrus, avocado trees, and other crops in many areas. Several days of subfreezing temperatures occurred, with some valley locations in the teens.",$7.40,,0
Severe Storm,628,Colorado Hail Storm, Jul 1990,,11 07 1990,11 07 1990,"Denver, CO (including airport) hit by severe hail storm. This was the costliest hail storm on record for Colorado when it occurred.",$1.80,Y,0
Flooding,631,Southern Flooding, May 1990,,11 05 1990,19 05 1990,"Torrential rains cause flooding along the Trinity, Red, and Arkansas Rivers in TX, OK, LA, and AR",$2.20,,13
Winter Storm,634,"Winter Storm, Cold Wave", Dec 1989,,21 12 1989,26 12 1989,"Winter storm and deep cold impacts the Northeast, South and Southeast. The states impacted include AL, AR, CT, FL, GA, IL, IN, KY, LA, ME, MO, MS, NC, NH, NY, OH, OK, PA, SC, TN, TX, VA, VT and WV.",$1.60,Y,100
Freeze,637,Florida Freeze, Dec 1989,,23 12 1989,25 12 1989,Severe freeze damages citrus crops across central/northern Florida.,$4.60,,10
Drought,640,Northern Plains Drought,Summer-Fall 1989,,1 06 1989,30 11 1989,"Severe summer drought over much of the northern plains with significant losses to agriculture. The states impacted include CO, IA, IL, KS, MO, ND, NE, NV, SD, TX and UT.",$6.90,,0
Tropical Cyclone,643,Hurricane Hugo, Sep 1989,,21 09 1989,22 09 1989,Category 4 hurricane devastates South and North Carolina with ~20 foot storm surge and severe wind damage after hitting Puerto Rico and the U.S. Virgin Islands,$20.70,,86
Severe Storm,646,Severe Storms, May 1989,,1 05 1989,6 05 1989,"Severe storms cause damage in states across the South and Southeast. The states impacted include OK, TX, LA, MS, GA, SC, NC and VA.",$1.30,Y,21
Drought,649,U.S. Drought/ Heat Wave,Summer 1988,,1 06 1988,31 08 1988,"1988 drought across a large portion of the U.S. with very severe losses to agriculture and related industries. Combined direct and indirect deaths (i.e., excess mortality) due to heat stress estimated at 5,000.",$48.00,,454
Drought,652,Southeast Drought/ Heat Wave,Summer 1986,,1 06 1986,31 08 1986,"Severe summer drought in parts of the southeastern U.S. with severe losses to agriculture. The states impacted include AL, AR, GA, LA, MS, NC, SC, TN and VA.",$4.60,,100
Severe Storm,655,Western Severe Storms and Flooding, Feb 1986,,14 02 1986,16 02 1986,"Severe storms and flooding affect the states CA, CO, NV, OR, WY across the West.",$1.30,Y,13
Flooding,658,"Virginia, West Virginia, Pennsylvania and Maryland Flooding", Nov 1985,,3 11 1985,8 11 1985,"Historic flooding damaged or destroyed over 10,000 homes and businesses across West Virginia and Virginia. Rainfall exceeded 19 inches, which forced the Roanoke and James Rivers, among others, to record levels. The damage in Virginia was most severe in the towns of Roanoke and Richmond. In Pennsylvania, floods also damaged or destroyed several thousand homes. Maryland experiened severe but more isolated flooding and damage.",$3.60,,62
Tropical Cyclone,661,Hurricane Juan, Oct 1985,,27 10 1985,31 10 1985,"Category 1 hurricane makes landfall near Morgan City, Louisiana. Hurricane Juan's slow movement causes severe flooding in Louisiana, Mississippi, Alabama and Florida. Southern Louisiana was most severely affected due to widespread rainfall of 10-15 inches that caused substantial flooding.",$3.90,,63
Tropical Cyclone,664,Hurricane Gloria, Sep 1985,,26 09 1985,28 09 1985,"Category 2 hurricane makes several landfalls along the eastern seaboard, affecting states from North Carolina to Maine.",$2.30,Y,11
Tropical Cyclone,667,Hurricane Elena, Sep 1985,,30 08 1985,3 09 1985,"Category 3 hurricane approaches the Florida Panhandle prior to landfall near Biloxi, Mississippi. Considerable wind and rain impacts were felt from Florida to Louisiana.",$3.40,,4
Freeze,670,Florida Freeze, Jan 1985,,20 01 1985,22 01 1985,Severe freeze over central/northern Florida damages citrus crops.,$3.20,,0
Winter Storm,673,"Winter Storm, Cold Wave", Jan 1985,,19 01 1985,22 01 1985,"Extreme cold and winter storms in the Southeast, South, Southwest, Northeast, Midwest, and North",$2.20,Y,150
Severe Storm,676,Severe Storms and Hail, Jun 1984,,13 06 1984,17 06 1984,"Severe storms and hail impact Colorado, South Dakota and Nebraska.",$1.20,Y,1
Severe Storm,679,"Tornadoes, Severe Storms, Floods",Spring 1984,,27 03 1984,7 04 1984,"States in the Southeast and Northeast regions are impacted by tornadoes, severe storms, and flooding. The states impacted include GA, FL, SC, NC, VA, MD, DE, NJ, NY, PA, CT, MA and RI.",$1.60,Y,80
Freeze,682,Freeze / Cold Wave, Dec 1983,,15 12 1983,25 12 1983,Severe freeze damages citrus crops across central/northern Florida. Associated cold wave over much of the U.S. causes over 100 deaths and additional damages.,$5.70,,151
Drought,685,Southeast Drought,Summer 1983,,1 06 1983,31 08 1983,"1983 flash drought in the southeastern U.S. with losses to agriculture, most notably corn and soybeans. The states impacted include AL, AR, GA, KY, LA, MO, MS, NC, SC, TN and VA.",$8.40,,0
Tropical Cyclone,688,Hurricane Alicia, Aug 1983,,17 08 1983,20 08 1983,"Category 3 hurricane makes landfall near Galveston, Texas with maximum sustained winds 115 mph. Hurricane Alicia was the first hurricane to hit the United States mainland since Hurricane Allen in August 1980.",$8.50,,21
Flooding,691,Western Storms and Flooding,December 1982-March 1983,,13 12 1982,31 03 1983,"Severe storms and flooding, especially in the states of WA, OR, CA, AZ, NV, ID, UT, and MT",$4.40,,50
Flooding,694,Gulf States Storms and Flooding,December 1982-January 1983,,1 12 1982,15 01 1983,"Severe storms and flooding, especially in the states of TX, AR, LA, MS, AL, GA, and FL",$4.50,,45
Severe Storm,697,Severe Storms, Jun 1982,,31 05 1982,10 06 1982,"Severe storms cause damage across the South, Southeast and Central regions. The states impacted include AR, IL, KY, IN, SC, GA and OH.",$1.40,Y,30
Severe Storm,700,Midwest/ Plains/ Southeast Tornadoes, Apr 1982,,2 04 1982,4 04 1982,"Tornadoes and severe weather affect the states (AL, AR, CO, IA, IL, IN, KS, KY, LA, MI, MN, MO, MS, NE, OH, OK, PA, TN, TX, WI, WV) across the Midwest, Plains and Southeast.",$1.40,Y,33
Winter Storm,703,"Midwest/ Southeast/ Northeast Winter Storm, Cold Wave", Jan 1982,,8 01 1982,16 01 1982,"Winter storm and cold wave affect numerous states (AL, AR, CT, DE, FL, GA, IA, IL, IN, KS, KY, LA, MA, MD, ME, MI, MN, MO, MS, NC, ND, NH, NJ, NY, OH, OK, PA, RI, SC, TN, TX, VA, VT, WI, WV) across the Midwest, Southeast and Northeast.",$2.00,Y,85
Severe Storm,706,"Severe Storms, Flash Floods, Hail, Tornadoes", May 1981,,5 05 1981,10 05 1981,"Severe storms cause damage across the Midwest and South. The states most impacted include TX, OK, KS, AL and LA.",$1.30,Y,20
Freeze,709,Florida Freeze, Jan 1981,,12 01 1981,14 01 1981,"Severe freeze heavily damaged fruit crops across Florida. Over 25,000 Florida farms were impacted and sustained losses.",$1.80,Y,0
Drought,712,Central/ Eastern Drought/ Heat Wave,Summer-Fall 1980,,1 06 1980,30 11 1980,"Central and eastern U.S. drought/heat wave caused damage to agriculture and other related industries. Combined direct and indirect deaths (i.e., excess mortality) due to heat stress estimated at 10,000.",$35.80,,"1,260"
Tropical Cyclone,715,Hurricane Allen, Aug 1980,,7 08 1980,11 08 1980,"Category 3 hurricane makes landfall north of Brownsville, Texas with maximum sustained winds of 115 mph. Hurricane Allen causes rainfall up to 20 inches in southern Texas and storm surge as high as 12 feet along the coast.",$2.10,Y,13
Flooding,718,Southern Severe Storms and Flooding, Apr 1980,,10 04 1980,17 04 1980,"Severe storms and flooding affect several states (AR, LA, MS) across the South.",$2.50,Y,7
,,,,,,,,,,
,,,,,,,,,,
,,,,,,,,,,
,,,,,,,,,,
,,,,,,,,,,
